CustomerID,Age,Gender,Country,Income,ProductQuality,ServiceQuality,PurchaseFrequency,FeedbackScore,SatisfactionScore,LoyaltyLevel
1,24,Female,UK,51454,2,2,46,High,73.11483364471462,Silver
2,20,Male,Canada,111180,6,4,49,Medium,66.41289778889518,Gold
3,51,Male,France,85357,9,4,45,Medium,61.68017625202573,Bronze
4,25,Female,USA,72811,8,5,2,High,85.76180682031278,Gold
5,60,Male,USA,44466,8,9,30,High,90.62359949044999,Bronze
6,64,Female,Germany,87828,4,2,11,Medium,57.37549954727976,Bronze
7,68,Female,USA,87797,8,6,37,High,84.26912939206909,Bronze
8,24,Female,France,53077,7,10,26,Low,7.616919675205153,Bronze
9,56,Female,Canada,67359,1,5,39,Medium,44.26812199946782,Silver
10,29,Male,Canada,38853,2,10,45,Medium,48.00917643652175,Silver
11,24,Male,UK,79931,1,5,46,Medium,51.63222798393467,Bronze
12,60,Female,USA,114641,8,7,48,High,73.78066698530957,Gold
13,51,Female,USA,46342,3,6,37,High,94.00283987805845,Bronze
14,45,Male,UK,53047,3,9,36,High,84.03035243183021,Bronze
15,32,Female,Germany,86088,1,8,1,Low,34.62965481288848,Silver
16,18,Female,France,57903,8,3,26,Medium,64.80668454059443,Bronze
17,22,Female,Canada,78959,10,10,5,Medium,42.419176540818036,Silver
18,53,Female,Canada,117411,3,3,12,High,89.36053827775933,Bronze
19,54,Female,Canada,100483,2,6,24,Medium,68.07430078989339,Gold
20,36,Male,USA,56694,2,10,24,High,91.72076871688459,Silver
21,39,Male,France,86593,3,2,35,High,89.92276813359159,Bronze
22,65,Male,Canada,39055,2,4,22,Medium,45.27397377278419,Bronze
23,64,Male,Germany,118699,1,7,24,Medium,42.98538698204866,Bronze
24,45,Female,Germany,98504,4,8,35,Medium,59.367972186038344,Silver
25,40,Male,Canada,40226,8,5,34,High,94.67381451946761,Gold
26,23,Female,USA,83513,1,9,48,Medium,64.54806880864692,Silver
27,24,Male,UK,105158,10,3,22,Low,37.54144640528745,Bronze
28,68,Female,Canada,35829,7,10,1,Medium,62.412024436333965,Silver
29,19,Male,Germany,69308,7,7,28,High,91.49283330244353,Bronze
30,54,Male,Germany,98302,9,7,40,High,93.40710559005592,Silver
31,53,Female,UK,69129,9,2,33,Low,26.660883797612676,Bronze
32,41,Female,USA,36350,4,5,47,High,98.80455649454112,Bronze
33,21,Male,Germany,54111,9,8,22,High,94.97206070609572,Silver
34,30,Male,Germany,37699,6,8,1,Medium,60.339461397267144,Silver
35,49,Female,Germany,70270,3,3,33,Low,13.360959415566777,Silver
36,20,Female,USA,102849,6,10,38,Medium,50.4517721190025,Bronze
37,51,Male,Germany,33071,3,6,17,High,95.55211682956534,Silver
38,37,Female,France,102179,9,1,24,High,89.46436259388034,Gold
39,42,Male,UK,117649,8,4,6,High,90.47749307433097,Silver
40,37,Male,France,66804,1,6,44,High,86.64184300230586,Bronze
41,69,Female,Germany,119356,10,10,1,Medium,65.9663040200702,Bronze
42,68,Female,France,82065,3,7,20,High,80.09782740304499,Bronze
43,57,Female,France,55746,4,7,11,Low,1.8818041207221587,Bronze
44,25,Female,France,96958,4,6,2,High,96.73305513071094,Bronze
45,65,Male,UK,52638,6,9,14,Medium,47.99945138271625,Silver
46,23,Female,UK,42177,5,10,34,Medium,49.76879273817511,Silver
47,19,Male,UK,48993,8,1,16,Low,12.631121514077151,Silver
48,33,Male,Canada,78330,8,6,24,Medium,62.15050532357638,Silver
49,47,Male,Germany,73222,6,3,36,High,84.96521161206803,Silver
50,38,Male,Canada,62160,6,7,15,High,80.06834502673917,Silver
51,62,Female,Germany,67646,10,2,17,Low,15.09597562560333,Bronze
52,22,Male,Canada,49868,9,6,41,Low,18.072393886283898,Silver
53,61,Male,Canada,49231,1,5,42,Low,23.43346194395355,Gold
54,61,Male,Canada,82230,8,10,43,Low,32.5936270966193,Bronze
55,46,Female,UK,31568,2,10,30,Medium,41.45103808890619,Bronze
56,66,Female,France,38681,1,7,6,Medium,68.5513480182318,Gold
57,59,Female,UK,64182,6,2,41,High,73.2666724682501,Silver
58,36,Male,France,72800,7,5,23,Medium,54.107959025367805,Bronze
59,67,Female,Canada,76102,2,4,14,Low,10.09530309206313,Silver
60,40,Male,UK,46997,5,8,33,Medium,48.2848490811696,Silver
61,67,Female,UK,83011,5,7,39,High,78.6039474715583,Silver
62,21,Female,Canada,59510,1,6,27,High,72.95788853109228,Bronze
63,33,Male,UK,84384,3,1,30,Medium,50.13679023707728,Bronze
64,27,Male,Germany,76571,7,10,37,High,96.47462001837398,Bronze
65,20,Female,UK,59407,7,2,33,High,75.16101722592555,Bronze
66,19,Male,France,89237,8,1,26,Medium,57.435667026677905,Bronze
67,65,Male,Germany,99855,5,3,47,Medium,52.409350975422946,Bronze
68,39,Female,UK,80220,1,3,47,High,93.24847740062582,Bronze
69,29,Female,Canada,86726,5,1,33,Medium,46.04524823809349,Gold
70,25,Male,UK,113962,1,6,31,High,85.57262698932645,Bronze
71,38,Male,Canada,111518,9,3,25,Low,31.575122682634255,Silver
72,65,Male,UK,36994,4,6,6,High,86.37457834431581,Silver
73,42,Male,USA,76545,2,6,37,High,95.00898008689774,Silver
74,33,Female,USA,59034,5,8,40,Medium,52.9736872737777,Silver
75,45,Male,USA,34230,8,9,20,High,87.09351341648293,Bronze
76,27,Female,USA,111986,1,8,42,High,86.35074247563513,Silver
77,63,Female,USA,113743,1,6,19,Medium,62.25848975337344,Gold
78,47,Male,France,88014,2,1,4,Medium,46.10518149047331,Bronze
79,43,Female,Germany,96020,4,3,21,Medium,67.74009324749417,Bronze
80,38,Male,Germany,95971,5,3,22,Medium,62.410680946186034,Silver
81,51,Male,Germany,55433,4,10,9,Low,2.321175388106739,Silver
82,48,Male,Germany,86157,5,10,10,High,89.99521050931335,Silver
83,68,Male,Canada,116495,8,7,44,Medium,47.95037175954344,Bronze
84,45,Male,Germany,103650,4,6,5,Low,8.048594731587816,Silver
85,29,Male,UK,104073,8,6,31,Medium,42.795478036002436,Silver
86,33,Male,USA,31828,7,1,32,Medium,61.225572731350454,Bronze
87,26,Male,Germany,68188,2,9,2,Medium,48.25558930243216,Silver
88,63,Male,Canada,87691,7,9,13,Medium,57.26074032578034,Silver
89,40,Female,UK,102076,9,5,33,Medium,64.57655180992177,Bronze
90,62,Female,Canada,110165,3,3,13,Medium,54.82521827597506,Silver
91,18,Female,UK,37008,3,7,3,Medium,46.54052112433491,Bronze
92,27,Female,UK,88022,10,8,9,Medium,59.475635588799506,Gold
93,68,Male,France,62395,7,4,48,Medium,43.73071125218229,Gold
94,68,Female,USA,103526,2,7,34,High,90.47117920677667,Bronze
95,63,Female,Germany,37220,1,2,24,Low,37.748868231862076,Bronze
96,69,Male,Germany,114740,2,4,4,Medium,69.69588299341187,Bronze
97,43,Female,UK,83394,7,7,38,High,88.53651934405612,Bronze
98,58,Male,Canada,53096,3,4,37,High,94.63070010311603,Silver
99,20,Female,USA,71822,2,9,43,Medium,54.10101622108577,Silver
100,29,Female,Germany,68085,4,2,41,Medium,50.74489954061261,Gold
101,59,Female,Canada,83473,2,2,40,High,72.09312121128379,Silver
102,20,Female,Germany,90911,3,8,24,Medium,65.49002361731095,Silver
103,57,Female,Germany,80754,3,1,39,High,90.14058797389092,Silver
104,23,Male,UK,86776,9,6,10,Medium,55.598457795010575,Bronze
105,34,Female,USA,35556,7,5,6,Medium,65.14500093691612,Bronze
106,50,Female,Canada,67389,6,8,5,Low,12.176149977386412,Bronze
107,56,Male,USA,119285,6,3,32,Medium,42.01062732106606,Bronze
108,31,Male,Canada,64671,1,5,8,Low,21.6082365374442,Bronze
109,48,Male,Canada,115383,3,3,45,Medium,60.292668557521914,Bronze
110,45,Female,Germany,63602,10,4,45,High,79.39389976304615,Bronze
111,21,Female,France,51910,10,10,40,Medium,62.776614787513246,Gold
112,55,Male,Germany,54771,10,8,35,High,87.87154271976918,Silver
113,44,Female,France,46971,5,4,24,High,76.25464270108023,Silver
114,37,Female,USA,64236,10,6,43,High,90.79797413693375,Silver
115,46,Male,France,83587,2,2,40,High,75.76695693768967,Silver
116,40,Female,USA,84220,5,1,1,Medium,45.41530579645322,Bronze
117,45,Female,Canada,52805,6,2,10,High,93.43028416167829,Bronze
118,65,Male,Canada,82335,10,6,30,High,77.28942651551773,Silver
119,21,Male,Germany,45338,9,5,28,Medium,67.14263233840342,Silver
120,20,Female,Germany,94839,7,10,10,Medium,45.73278835202255,Bronze
121,61,Male,Canada,115227,4,9,10,Medium,67.66404815916266,Gold
122,28,Male,Germany,101922,5,2,45,High,72.80640924108141,Silver
123,25,Male,Germany,54672,10,7,28,Medium,50.41942235481815,Bronze
124,45,Male,Germany,87323,8,7,7,Medium,54.60416647002329,Bronze
125,69,Female,Germany,46361,4,6,8,Medium,57.55551406272194,Bronze
126,31,Male,UK,113428,4,2,4,High,92.49409148508589,Silver
127,32,Female,Canada,99604,2,7,23,High,97.53819472984283,Silver
128,64,Male,UK,50946,7,3,41,High,94.133097214523,Gold
129,30,Male,Germany,40041,9,6,6,Medium,60.613176292011985,Bronze
130,59,Male,Germany,119894,2,1,5,Medium,50.005445401942055,Silver
131,51,Female,UK,54724,10,10,40,Low,8.721429499352107,Bronze
132,28,Female,France,55889,6,6,43,Medium,48.11934931289234,Silver
133,59,Female,France,45545,8,4,48,Medium,67.61971510488998,Bronze
134,20,Female,Germany,70676,5,8,41,High,86.31775508644417,Silver
135,20,Female,Germany,64277,3,7,27,Medium,54.27745243568344,Bronze
136,62,Female,Germany,78443,10,5,4,High,84.29334308091799,Silver
137,59,Female,Germany,108298,5,7,14,Low,23.301508555898597,Silver
138,21,Female,UK,99926,3,7,22,Medium,45.58060745642227,Bronze
139,53,Male,Germany,79932,9,4,32,Low,13.758500587888353,Gold
140,68,Male,Germany,109398,1,5,1,High,81.98488688416194,Silver
141,23,Male,USA,106936,6,4,30,High,84.98633159613483,Gold
142,31,Male,Germany,92527,10,3,29,High,90.93364128777311,Gold
143,23,Female,UK,43045,4,1,20,Medium,49.58354155886548,Silver
144,44,Female,Germany,45462,4,10,22,Low,37.622442512297425,Gold
145,60,Male,Canada,75705,10,10,3,High,81.02280616428696,Gold
146,69,Male,Canada,69899,4,3,32,High,83.19325535269738,Gold
147,34,Female,UK,41204,6,5,25,Medium,50.80200054141341,Silver
148,50,Male,Germany,36461,10,10,29,High,72.71857410542397,Silver
149,64,Female,UK,90024,10,6,40,High,83.7060399864552,Gold
150,18,Female,USA,91951,8,6,16,Medium,42.33193575545466,Gold
151,65,Female,Canada,39649,5,5,42,Low,11.191405794577642,Bronze
152,32,Male,France,57492,5,2,49,High,90.41622976200985,Bronze
153,59,Female,USA,94218,3,4,42,Medium,47.42301604328371,Gold
154,67,Female,Canada,89437,1,8,4,Low,23.704439219903964,Bronze
155,53,Male,Germany,57917,2,1,30,High,93.79044875032325,Bronze
156,39,Female,UK,85256,8,2,41,Medium,64.51095258333075,Bronze
157,58,Female,Germany,81678,10,4,45,Medium,51.75287746698494,Bronze
158,34,Female,UK,31735,10,4,22,Medium,41.133002543322846,Bronze
159,29,Female,Germany,68099,2,8,33,High,87.81006759848262,Gold
160,29,Female,UK,118657,8,5,23,High,90.45971668398874,Bronze
161,49,Female,USA,102344,2,10,42,Medium,42.52167510899864,Bronze
162,42,Female,Canada,84129,6,9,13,Medium,55.10006388034878,Bronze
163,24,Male,Canada,98906,9,2,26,Medium,56.870868718621026,Gold
164,39,Male,Germany,32448,1,6,7,Medium,68.42996215743217,Bronze
165,41,Female,France,38000,7,6,47,Low,10.484371363554157,Gold
166,28,Female,Germany,87476,4,3,27,High,76.86370640007894,Silver
167,58,Female,UK,39399,2,9,3,Medium,67.95368550734699,Silver
168,42,Female,Canada,82773,7,9,7,Low,23.288237226189963,Bronze
169,58,Male,USA,81910,6,6,30,High,82.60922802964551,Silver
170,51,Male,UK,81139,7,7,30,Medium,61.40917682023121,Bronze
171,45,Female,Canada,113182,7,1,42,Medium,63.96352266131311,Bronze
172,56,Male,UK,87010,5,9,37,High,95.8537692859397,Bronze
173,23,Female,Canada,113514,2,1,19,High,75.28941215817224,Bronze
174,65,Female,France,99435,9,5,14,Low,21.69782709623465,Gold
175,21,Female,France,41294,8,4,44,High,86.3119967817365,Silver
176,58,Male,Canada,104567,5,4,28,Medium,59.85975795660165,Bronze
177,62,Female,UK,115317,7,4,6,High,71.64400054276554,Gold
178,62,Female,Canada,67657,10,8,15,High,88.49168946301633,Silver
179,36,Female,Germany,33509,9,9,19,Medium,52.35444197719963,Silver
180,18,Male,UK,30340,9,5,21,Medium,57.04487209350309,Bronze
181,40,Male,Germany,77002,5,7,5,Medium,47.55305862398725,Silver
182,53,Male,Canada,104140,3,2,24,High,84.10892943184618,Bronze
183,40,Male,France,51193,7,1,38,Medium,46.61855668304477,Silver
184,48,Male,France,103109,1,9,40,Low,20.301359490215646,Bronze
185,52,Male,Canada,86034,4,6,13,Medium,50.821113049343424,Bronze
186,69,Male,Germany,117974,10,2,46,Medium,64.39101327451262,Bronze
187,69,Female,Canada,45018,6,8,24,Low,3.471258575164927,Bronze
188,47,Male,UK,67533,2,10,40,Medium,44.896708281990676,Gold
189,27,Female,UK,58375,2,9,3,Medium,47.93409024000348,Gold
190,63,Female,France,50599,8,8,12,High,80.22523607442682,Silver
191,61,Male,Germany,39513,10,4,6,High,74.33258766307326,Bronze
192,27,Male,Canada,89247,1,2,31,High,97.88800691675694,Silver
193,39,Male,Germany,68432,7,8,9,Medium,68.65480308892923,Gold
194,66,Female,France,33593,1,10,19,Medium,47.40877983743732,Silver
195,23,Male,Germany,53792,6,5,24,Medium,47.61243362394588,Gold
196,59,Female,UK,62554,10,9,1,Low,27.802995934698416,Bronze
197,26,Male,France,117474,10,2,21,Medium,69.76253946198992,Bronze
198,23,Male,France,108115,7,6,43,Medium,46.0149845179508,Bronze
199,45,Female,France,89851,4,10,34,High,84.6498170988367,Silver
200,52,Male,USA,109688,2,1,49,Medium,52.34385522839477,Gold
201,26,Male,Germany,110854,5,3,37,Medium,55.29397325104263,Silver
202,64,Female,France,60701,9,8,18,High,95.24307080447062,Gold
203,33,Male,UK,74924,6,3,27,Medium,55.338644699893244,Gold
204,28,Male,USA,50432,1,1,49,Medium,51.12751227806742,Bronze
205,20,Male,Canada,80105,5,2,22,Medium,64.82904488970345,Silver
206,53,Female,France,58970,3,1,49,Medium,49.16983808969643,Silver
207,54,Male,Germany,31387,10,2,3,Medium,69.65376026556379,Bronze
208,19,Male,France,95258,1,7,4,Medium,45.77820966520306,Bronze
209,27,Female,Canada,93783,9,7,4,Low,32.84933361571241,Silver
210,21,Male,France,55204,2,1,6,Medium,43.69620783031826,Silver
211,50,Male,France,84736,9,5,21,Medium,45.957176675825785,Bronze
212,59,Female,UK,99757,6,8,28,Low,20.458008142578297,Bronze
213,47,Male,UK,43890,1,1,26,High,84.34630623906762,Bronze
214,51,Female,UK,105571,3,6,17,High,99.26010411377865,Bronze
215,22,Male,UK,71085,3,9,26,Medium,41.11159126112958,Silver
216,33,Female,Germany,30672,6,9,32,Medium,44.4556016905108,Bronze
217,66,Male,France,82272,10,1,6,Medium,51.63540536935102,Bronze
218,24,Female,UK,114800,10,8,40,Medium,60.25996930573052,Bronze
219,49,Male,Canada,80602,5,2,12,Low,29.849712177401702,Silver
220,69,Female,France,107631,6,4,46,Low,9.231913126322876,Bronze
221,37,Female,Germany,30821,9,8,36,Low,31.520624451483297,Silver
222,61,Male,USA,76113,4,7,13,Medium,67.98426015865273,Gold
223,32,Male,USA,116439,10,1,23,Low,32.24773606838231,Silver
224,55,Female,France,74532,8,7,44,Medium,61.157025959560514,Bronze
225,57,Male,Germany,107098,3,9,7,Medium,57.619452430812466,Silver
226,34,Female,France,54905,8,4,27,Low,10.263918968838645,Bronze
227,55,Male,Germany,41402,9,3,43,Medium,45.346471080711474,Gold
228,24,Male,Canada,92222,8,9,13,Medium,50.81057530203982,Bronze
229,40,Female,UK,97210,1,8,6,High,78.24871018626017,Bronze
230,27,Male,Germany,51262,3,9,43,Medium,51.23536980225122,Silver
231,53,Male,France,35692,4,4,29,Medium,46.38149322028591,Gold
232,32,Female,France,53661,6,8,35,High,99.37566067248554,Gold
233,39,Female,UK,110103,3,6,21,Medium,62.99963161998298,Silver
234,47,Male,UK,119375,2,9,4,High,90.27234792108202,Bronze
235,41,Male,Canada,61020,4,5,37,High,81.82786271908279,Bronze
236,48,Female,Canada,46088,10,5,35,Medium,68.05669523814036,Silver
237,69,Male,Germany,36235,9,7,18,Medium,67.9940872141878,Bronze
238,19,Female,UK,88670,4,7,39,Medium,64.87379764006556,Bronze
239,64,Male,USA,30495,6,2,14,Low,25.503334772702317,Bronze
240,20,Female,Canada,38843,9,6,3,Medium,66.90371383063321,Bronze
241,45,Female,France,91975,9,3,13,Low,25.009711140369117,Silver
242,65,Female,USA,42134,1,7,19,Medium,66.06526516553154,Bronze
243,31,Male,Canada,115521,5,6,31,Medium,50.31655128709929,Bronze
244,65,Male,France,85870,9,2,44,Low,16.400760875264066,Silver
245,21,Male,Canada,103588,8,2,40,Medium,51.75314395833054,Gold
246,23,Male,UK,54945,7,9,38,Medium,68.36483283538892,Bronze
247,21,Male,Canada,110080,8,4,14,Medium,49.42692477426078,Gold
248,18,Female,Canada,82657,7,9,37,High,80.99763128663044,Gold
249,20,Female,France,56873,8,3,40,Medium,46.60512041888043,Silver
250,51,Male,Canada,90151,3,8,4,High,76.01655411826398,Silver
251,42,Female,USA,35811,9,7,14,Medium,56.24547969831683,Gold
252,22,Male,Canada,113630,10,9,3,Medium,54.33737990608932,Bronze
253,50,Female,Germany,72775,8,5,21,Low,6.880348816806974,Silver
254,33,Male,UK,95486,9,9,44,Low,28.580633961912653,Silver
255,51,Female,France,68481,5,6,31,Medium,54.559878571125424,Gold
256,67,Female,UK,84612,3,8,22,High,91.2373895725975,Gold
257,50,Female,Canada,76137,7,8,18,Medium,68.15773388666378,Gold
258,42,Male,Germany,59162,8,7,24,High,75.53915727668843,Bronze
259,27,Female,UK,53610,7,1,31,High,87.8752051889876,Silver
260,59,Male,UK,76615,8,10,31,Medium,69.00038833942855,Silver
261,64,Female,France,52765,8,4,22,Medium,45.86849657999662,Bronze
262,54,Female,UK,72846,1,2,46,Medium,60.38639437924725,Bronze
263,28,Female,France,78697,9,1,37,High,77.35437179142023,Silver
264,59,Male,UK,92346,5,4,22,Medium,52.331574373493616,Gold
265,42,Male,Germany,92960,6,10,45,Low,35.38461492519427,Gold
266,22,Male,UK,119325,7,1,29,Low,12.095815229455624,Bronze
267,58,Female,UK,96705,2,9,48,Medium,53.11145201595733,Bronze
268,26,Male,Canada,119986,4,6,18,Medium,66.2903706898182,Bronze
269,69,Male,USA,74267,1,5,2,Medium,66.81079439706072,Gold
270,55,Female,Canada,93149,7,6,20,High,98.00785569440208,Gold
271,39,Male,Germany,113388,2,4,15,Medium,44.12677910312552,Bronze
272,33,Female,Canada,36513,8,2,1,High,89.81537486869388,Silver
273,49,Female,France,89084,4,7,8,Low,29.37253383500509,Bronze
274,69,Male,Germany,102069,3,5,32,High,83.88815798152018,Bronze
275,30,Female,Germany,96891,8,10,47,High,72.29110898010073,Bronze
276,30,Female,Canada,58033,3,4,14,High,98.82051425678014,Gold
277,28,Female,Germany,105911,7,2,14,High,75.18954826129121,Silver
278,32,Female,Canada,35510,1,7,25,Medium,52.08394595628724,Bronze
279,29,Female,USA,89305,10,6,20,Medium,47.04078845344577,Bronze
280,32,Female,USA,53141,9,2,13,High,76.05914807573126,Silver
281,54,Female,Canada,49045,2,3,29,Medium,63.52971108874486,Gold
282,21,Female,Canada,39428,4,2,30,High,98.07142857827507,Silver
283,29,Female,UK,96084,5,8,47,Medium,63.31148365311063,Bronze
284,56,Female,Germany,70775,6,8,23,Medium,49.99899540992729,Gold
285,52,Male,Germany,53898,3,8,16,Medium,63.07096570971095,Bronze
286,40,Female,UK,82720,5,10,30,Low,29.41313241649116,Bronze
287,36,Male,USA,100704,2,5,24,Medium,41.90605014345104,Silver
288,69,Male,UK,62832,2,8,41,Medium,53.71913601547212,Silver
289,33,Female,USA,83918,1,1,12,Medium,48.89061185615632,Bronze
290,45,Female,France,91104,5,4,47,Medium,54.63568099608442,Bronze
291,67,Female,UK,82507,6,9,14,Low,20.04108033118826,Gold
292,52,Male,France,65059,6,8,1,Medium,50.63897795633807,Silver
293,19,Female,UK,71047,4,8,38,Medium,68.49026644565895,Silver
294,62,Female,Germany,60311,5,9,36,Medium,63.313601606160134,Gold
295,35,Male,France,96559,4,7,13,Low,32.444736770887616,Bronze
296,40,Male,Canada,40049,10,8,44,Medium,55.06990036907591,Bronze
297,45,Female,USA,30046,8,6,39,Medium,69.65748005148376,Gold
298,51,Male,Canada,117921,9,10,49,High,90.33909520415362,Bronze
299,26,Female,UK,32024,3,9,17,Medium,58.78551841613866,Gold
300,21,Male,Germany,32997,10,9,28,High,74.8253193582948,Bronze
301,68,Female,Canada,40630,10,9,4,Medium,47.04048448041014,Bronze
302,20,Male,Germany,35979,1,6,14,Medium,49.59069924670546,Silver
303,29,Female,USA,76584,6,9,16,Medium,47.90704177692103,Bronze
304,22,Male,Canada,51428,2,9,4,Medium,53.19820267217455,Bronze
305,45,Female,USA,109473,1,1,42,Medium,60.41686902326111,Bronze
306,46,Male,Germany,30700,2,3,3,Low,35.64305970180159,Gold
307,64,Male,France,100949,7,3,46,High,90.77020299043413,Silver
308,26,Female,France,54927,2,9,41,Medium,64.00018685336246,Silver
309,41,Male,France,94704,8,7,21,Medium,59.283085215326984,Bronze
310,69,Male,Germany,40048,2,10,21,High,82.81359381286802,Silver
311,19,Male,Germany,105899,4,1,28,Medium,42.96028887743185,Bronze
312,69,Female,France,100529,9,3,33,Medium,60.973123939231414,Gold
313,25,Female,USA,78200,3,1,13,Medium,42.61164816400228,Silver
314,32,Male,Germany,53607,10,8,38,Medium,69.30938899210979,Silver
315,58,Male,UK,39706,3,3,36,Medium,54.48543853428588,Bronze
316,21,Male,Germany,71852,8,9,30,High,94.04154233243635,Bronze
317,32,Male,Canada,30903,6,9,17,High,87.87162245895195,Gold
318,28,Male,UK,60133,8,2,26,Medium,48.362247784677194,Bronze
319,62,Male,France,52466,1,5,39,High,73.73331307767063,Bronze
320,48,Male,USA,119771,1,7,14,Medium,57.15579710110876,Bronze
321,37,Female,Germany,57098,6,7,28,Low,35.4130099980886,Gold
322,41,Male,USA,32126,6,1,31,High,81.14519666148279,Silver
323,40,Male,France,32817,1,7,25,Medium,41.23623213991281,Bronze
324,42,Female,USA,72377,10,2,31,High,86.0865489833352,Bronze
325,55,Female,UK,70819,4,9,18,Medium,63.94551364725499,Bronze
326,36,Male,France,113521,1,7,24,High,84.69074507597912,Silver
327,44,Male,UK,39675,4,9,45,High,97.78808682408453,Bronze
328,50,Male,USA,77188,8,4,45,Low,12.735704210114369,Bronze
329,57,Male,France,50182,3,10,27,Low,6.386468754656534,Bronze
330,41,Male,France,99888,1,1,43,Low,5.462548831910593,Bronze
331,44,Female,UK,100068,9,4,42,High,97.81186169392755,Bronze
332,60,Female,France,86228,5,6,45,Medium,41.55558880427903,Bronze
333,62,Male,Germany,67099,10,10,23,Medium,61.091256717749346,Bronze
334,66,Male,France,79448,10,9,45,High,96.3792845580086,Silver
335,54,Male,USA,82009,3,6,17,Medium,60.369695758042766,Silver
336,50,Female,Canada,76582,9,8,32,Low,19.283196025509596,Silver
337,55,Female,France,50397,8,3,24,Low,18.223448940085753,Bronze
338,32,Female,France,102148,3,6,49,High,73.9209987851365,Bronze
339,23,Female,USA,71097,9,2,12,Low,32.958014021236366,Bronze
340,40,Female,Canada,45165,9,7,48,Medium,45.600661870988475,Gold
341,24,Female,France,92202,6,6,35,Medium,50.92857440709287,Silver
342,25,Male,USA,42719,1,6,21,Medium,55.479745962639946,Silver
343,36,Female,UK,118023,2,3,35,High,97.86880212430722,Silver
344,48,Male,UK,68834,4,1,48,Medium,57.811398894696914,Silver
345,53,Female,Germany,48555,3,2,31,Low,27.45471229979888,Bronze
346,28,Male,Canada,86956,8,5,18,High,78.08704388047505,Gold
347,59,Male,USA,115918,1,9,6,Medium,58.07541356823418,Bronze
348,55,Female,UK,71974,8,10,23,High,92.95854272799005,Bronze
349,45,Female,France,111917,9,3,42,Medium,59.12235522544718,Bronze
350,63,Male,UK,91831,7,2,32,Medium,52.59983137032337,Bronze
351,21,Male,Canada,88359,2,7,10,Medium,62.21749746850364,Gold
352,58,Female,USA,84926,2,7,24,Medium,57.716633612044845,Bronze
353,32,Female,UK,103494,8,6,20,High,89.1498617748972,Bronze
354,52,Female,USA,67239,3,5,45,Medium,47.11634779524747,Silver
355,48,Female,USA,78147,6,7,34,Low,2.9673011975228323,Bronze
356,64,Female,USA,101984,1,5,40,High,89.58630751873737,Silver
357,31,Male,UK,57138,3,3,25,Low,29.758320254837084,Bronze
358,57,Male,UK,56698,3,8,12,Medium,47.75060484652224,Gold
359,56,Male,USA,42470,5,6,35,Low,14.557111243915596,Gold
360,67,Female,Germany,63400,7,5,41,Medium,60.13570818930248,Silver
361,64,Female,Canada,87345,7,8,7,Low,35.89326610081493,Silver
362,21,Female,UK,98474,10,2,2,Medium,48.18813140013936,Bronze
363,24,Male,USA,111612,1,9,3,Low,21.35074557443619,Bronze
364,49,Female,France,83779,7,1,13,Medium,43.714461391000896,Bronze
365,55,Male,UK,119790,10,6,8,Medium,54.73258514160756,Silver
366,48,Female,USA,111370,9,8,6,Medium,54.051783083591495,Bronze
367,37,Female,France,113166,2,1,19,High,94.14677622280152,Bronze
368,31,Female,Germany,42619,10,8,27,High,75.73858546504721,Silver
369,61,Female,Canada,41319,2,8,1,Medium,61.81281417570946,Gold
370,45,Male,Germany,103064,1,5,6,Medium,58.38877318112151,Gold
371,41,Female,UK,98313,6,6,29,Medium,64.82223776701902,Bronze
372,27,Female,Germany,51394,4,4,7,Low,8.840536268224383,Silver
373,40,Male,France,91395,10,1,21,High,83.82539703163373,Gold
374,26,Female,Canada,52564,3,10,43,Low,10.476945508013259,Silver
375,49,Male,UK,79979,2,8,48,High,89.17278286067665,Gold
376,65,Male,France,87798,6,7,9,Medium,44.6037020754742,Gold
377,27,Male,Canada,117691,5,10,28,Low,12.656342458715626,Bronze
378,49,Female,USA,94284,10,9,32,Medium,65.56331536290583,Silver
379,55,Male,Germany,51520,9,5,34,Medium,50.52492321787456,Bronze
380,50,Male,UK,81459,10,1,48,High,95.91026703173962,Silver
381,51,Male,Germany,71003,5,1,36,Medium,62.177999747564755,Bronze
382,22,Male,Germany,94487,1,9,24,High,84.65696736331822,Bronze
383,18,Female,USA,114731,5,3,48,Medium,59.85653366788485,Bronze
384,33,Male,France,89867,5,9,43,High,78.17275782031318,Bronze
385,29,Female,Canada,39220,4,5,22,Medium,63.69309416530143,Gold
386,32,Female,Canada,37468,10,1,28,Medium,51.4503386416225,Silver
387,56,Female,Germany,83681,8,10,8,High,83.38264183905086,Bronze
388,51,Male,Germany,44640,5,2,26,Medium,49.3127893785889,Silver
389,56,Male,France,45919,8,3,39,Medium,50.09604955491439,Gold
390,36,Male,UK,100119,3,8,13,Low,9.182085971815168,Silver
391,56,Male,USA,33814,8,2,31,High,80.28265064120872,Silver
392,28,Male,Canada,97725,2,10,46,Medium,48.00818096512797,Bronze
393,40,Female,UK,98264,5,1,21,High,81.58235769784747,Bronze
394,18,Male,Canada,41591,2,9,9,Low,16.323941856443696,Gold
395,21,Female,USA,119323,6,1,18,Medium,49.748162245134786,Bronze
396,69,Female,UK,68546,3,3,9,High,92.44504588100693,Bronze
397,54,Female,USA,97211,1,4,4,High,76.7189445908204,Silver
398,47,Female,Germany,68360,3,8,8,High,89.2289646601182,Bronze
399,49,Female,Canada,41084,3,7,26,Low,30.961615900038254,Bronze
400,31,Male,Germany,118755,2,9,43,Medium,52.632846601090826,Bronze
401,51,Female,Canada,85401,1,10,24,Medium,55.3133705774579,Bronze
402,29,Female,Germany,51270,8,4,45,High,91.78244458438154,Gold
403,52,Male,Germany,49155,3,2,7,Medium,66.9410096066048,Bronze
404,31,Male,Germany,70519,5,1,3,High,87.05844753096596,Gold
405,50,Male,Germany,98334,8,1,19,Medium,63.92620962820502,Silver
406,46,Female,Canada,53495,7,1,20,Low,13.673394620209429,Silver
407,43,Female,France,74581,9,4,36,Medium,42.00166526624836,Silver
408,60,Female,France,66741,1,8,7,High,74.29716751759163,Silver
409,38,Male,USA,41510,7,5,27,High,75.79880311728593,Silver
410,36,Male,Germany,106842,1,1,40,Medium,46.043641775608414,Bronze
411,68,Female,Germany,85352,3,8,33,Medium,53.91855697441384,Silver
412,32,Male,Germany,97757,7,9,25,Medium,48.18881834915594,Gold
413,36,Male,Canada,83583,2,9,29,Medium,43.259088405219416,Silver
414,51,Male,France,118107,3,5,8,Low,37.1734687242465,Bronze
415,58,Male,Canada,118245,3,1,4,Low,20.564285340821744,Silver
416,56,Female,UK,106706,8,4,48,Low,36.009790598162006,Silver
417,28,Male,Canada,55187,5,6,3,Medium,44.393283012348554,Bronze
418,26,Female,Germany,86736,6,1,33,High,83.26188652262687,Silver
419,55,Female,USA,49213,1,2,24,Medium,62.535229062576676,Silver
420,28,Female,Germany,81532,3,5,6,Low,38.94688658462807,Gold
421,29,Female,USA,56341,6,8,46,Low,2.9110049938664977,Bronze
422,68,Male,France,93313,10,6,39,High,93.8000837812254,Silver
423,66,Male,Canada,109482,7,9,5,High,71.29104155001531,Silver
424,26,Female,France,39263,10,7,38,High,90.85937137922895,Bronze
425,65,Female,UK,93264,3,1,23,Low,22.791125605690162,Bronze
426,34,Male,France,69981,3,10,28,Low,31.197820942993857,Gold
427,68,Male,France,116506,6,4,26,Medium,66.1260902008216,Gold
428,19,Female,USA,72892,9,8,31,Medium,60.88888715053575,Silver
429,63,Male,Canada,103955,4,2,49,Medium,67.71499908036365,Gold
430,44,Male,USA,104852,6,2,41,High,81.47614616518635,Gold
431,57,Male,UK,96228,3,1,45,High,81.61539202456717,Silver
432,42,Male,UK,41526,7,1,1,Medium,68.63366646048277,Bronze
433,26,Male,Canada,111871,3,10,12,Medium,64.73188795933265,Gold
434,33,Female,UK,91013,1,3,29,Medium,47.39392560246537,Bronze
435,30,Female,UK,52429,2,10,42,High,76.99730229252137,Bronze
436,62,Male,USA,44207,3,9,11,Medium,63.96125867147378,Bronze
437,63,Male,Canada,101969,1,4,32,High,94.08073944938614,Silver
438,25,Male,France,83538,3,6,32,Low,24.590389145474184,Silver
439,19,Female,Germany,84091,10,4,14,Medium,48.917867935440476,Silver
440,49,Female,Canada,59853,10,10,31,Medium,59.222890878973246,Bronze
441,39,Male,Canada,56313,8,9,30,Medium,47.20787427641056,Gold
442,51,Male,France,46074,2,2,26,Medium,66.92002398455132,Bronze
443,28,Male,USA,99047,6,8,3,Medium,68.94623391614476,Gold
444,58,Female,UK,104513,10,10,43,Low,32.31796044232004,Bronze
445,38,Female,France,82316,1,2,28,Medium,69.7598298763899,Bronze
446,67,Male,USA,68451,1,5,13,Low,34.9547046874786,Bronze
447,19,Female,USA,37912,1,10,41,High,96.14164249173524,Gold
448,35,Male,France,88807,10,6,4,Medium,65.44147804340633,Silver
449,43,Female,Germany,115504,6,9,8,High,78.10232526863749,Bronze
450,51,Male,Germany,45524,8,7,12,Medium,56.431373070595086,Bronze
451,25,Male,USA,85991,6,5,28,Medium,43.44436274132276,Bronze
452,68,Female,Germany,32839,8,9,21,Low,18.465657037844085,Bronze
453,21,Female,France,71904,5,1,42,High,86.89838742232268,Gold
454,53,Male,UK,64446,5,9,6,Low,39.13701046557871,Silver
455,66,Female,Germany,109594,1,5,37,High,72.23460164436558,Silver
456,25,Female,France,78057,3,7,15,High,72.48710622261113,Bronze
457,19,Male,France,111046,10,10,6,Medium,69.63094375384418,Silver
458,66,Female,Germany,47905,1,2,7,Medium,57.42839791872992,Bronze
459,27,Female,USA,99907,4,1,21,Medium,46.163048218912955,Silver
460,46,Female,UK,118095,2,1,39,High,73.1682571660271,Bronze
461,38,Female,UK,86095,4,2,16,Medium,61.147244368883065,Silver
462,50,Female,USA,47619,4,9,31,Low,22.290776905724478,Silver
463,61,Female,Germany,112252,7,4,22,High,81.47369199400009,Bronze
464,64,Male,UK,68416,1,10,9,Low,10.217041670394774,Silver
465,41,Male,France,106195,7,3,42,Medium,50.87250194045252,Gold
466,45,Female,Germany,86873,7,1,13,High,93.85422696952193,Silver
467,63,Male,USA,81499,8,1,10,High,79.22342356068387,Bronze
468,31,Male,UK,100646,3,6,16,Low,38.41683831190869,Gold
469,67,Male,UK,81189,6,10,10,High,80.86039164325186,Gold
470,54,Male,USA,85633,1,1,11,Medium,51.89906178716656,Gold
471,41,Female,USA,77999,5,3,34,Medium,49.33341612603591,Gold
472,23,Male,USA,97540,5,10,15,High,88.26082138436657,Gold
473,34,Female,UK,51233,9,7,42,Medium,54.98823384424678,Bronze
474,55,Male,Canada,103825,7,5,17,Low,2.6985392715485714,Gold
475,30,Male,USA,39804,8,7,18,Medium,52.222344569075965,Silver
476,25,Male,USA,113031,6,9,38,High,95.98829325347432,Bronze
477,21,Female,France,72891,4,6,30,Medium,59.60507690828456,Bronze
478,35,Female,France,84425,3,2,6,Medium,53.262626921967104,Bronze
479,29,Female,Canada,59428,4,7,19,Low,29.061142653769092,Silver
480,56,Male,Germany,68918,3,4,45,Low,17.01657089490243,Bronze
481,59,Female,Germany,41274,1,2,21,Low,1.4183528522482436,Bronze
482,69,Male,France,89832,1,1,47,Medium,58.719354231492034,Silver
483,67,Male,Canada,92067,2,3,16,Medium,59.79612156129275,Bronze
484,66,Male,Germany,82252,9,10,6,Medium,53.07283454432583,Gold
485,33,Male,France,50493,6,1,28,Medium,42.01347531947725,Bronze
486,67,Female,France,39744,1,10,41,Medium,60.68824657801382,Bronze
487,67,Male,Germany,77702,5,9,31,Medium,68.6627700569317,Bronze
488,51,Female,Germany,113831,2,6,38,Medium,46.75308486715738,Gold
489,31,Female,UK,39272,1,7,27,High,85.52321601041508,Bronze
490,40,Male,UK,108190,7,7,48,High,79.63889318194381,Silver
491,61,Male,France,68078,3,7,38,Medium,67.53751412141017,Silver
492,41,Male,UK,93380,9,2,7,Medium,56.16849518907252,Bronze
493,53,Female,Canada,104393,6,1,37,Medium,69.67827448238887,Silver
494,67,Female,France,62598,5,5,45,Low,19.845455482392254,Bronze
495,38,Female,Canada,61431,10,7,38,High,86.74160441414998,Gold
496,51,Female,USA,118746,4,2,6,Low,1.5732192964989709,Bronze
497,66,Female,France,43925,4,1,38,Medium,68.61289551868293,Gold
498,43,Male,USA,97740,6,9,20,Medium,65.60138454367942,Gold
499,58,Male,USA,70956,3,7,2,Low,11.796876737553367,Bronze
500,40,Female,Canada,44204,4,8,5,Medium,67.58905872516621,Bronze
501,41,Female,France,80488,6,10,4,High,96.7025057171195,Silver
502,63,Male,UK,68918,8,7,5,Medium,43.41587154415692,Bronze
503,65,Female,UK,74147,1,1,1,Medium,66.62293574121848,Bronze
504,42,Male,USA,59778,4,10,49,Medium,66.86655811581855,Bronze
505,62,Male,Canada,88255,1,1,3,High,76.61872071935159,Silver
506,21,Female,UK,86989,8,1,20,High,72.56422187986315,Bronze
507,45,Female,Germany,99738,3,1,6,Medium,52.29502892060349,Bronze
508,34,Female,France,49936,3,9,29,High,87.27620328685481,Bronze
509,32,Male,Germany,109212,2,10,29,Low,7.796545622814796,Bronze
510,42,Male,France,67579,5,6,12,Low,39.26135811441637,Gold
511,52,Male,USA,79471,2,5,20,Low,10.336440134157222,Gold
512,20,Male,Germany,81758,8,10,14,Medium,69.22877795692504,Bronze
513,39,Male,USA,73476,10,7,1,Low,23.312051792686972,Gold
514,37,Female,Germany,109775,9,9,8,High,96.49431081544822,Silver
515,46,Female,France,108078,6,1,21,Medium,64.00585189445161,Silver
516,20,Female,France,61053,8,4,42,Medium,56.24062363325099,Bronze
517,64,Female,Germany,118440,7,4,43,High,98.47669435285205,Silver
518,27,Male,Canada,66026,9,8,30,Medium,60.727230761629045,Gold
519,63,Male,USA,119244,9,8,15,High,90.72590723521225,Silver
520,46,Female,Canada,85280,1,8,21,Medium,44.08045841581447,Silver
521,33,Male,Canada,110775,6,7,40,High,87.27517601443243,Bronze
522,28,Female,UK,109644,4,4,18,Medium,48.40891869295604,Gold
523,61,Male,USA,49165,2,7,39,Medium,67.41646560601885,Gold
524,18,Male,UK,47049,2,1,30,High,84.09595674692365,Silver
525,34,Female,France,56821,6,2,4,Low,23.064681851609112,Bronze
526,69,Female,Germany,33464,10,5,20,Medium,60.02706297583673,Bronze
527,64,Female,Canada,49106,6,2,45,Medium,59.74187112194418,Gold
528,18,Male,USA,118163,10,2,31,Medium,59.32704129831858,Bronze
529,52,Male,France,35436,6,5,38,High,79.4397921829628,Gold
530,39,Female,Canada,46464,9,5,26,Medium,56.36673179204697,Silver
531,22,Female,UK,119697,6,10,13,Low,2.8352728587252765,Bronze
532,63,Female,Germany,90083,9,9,19,High,86.48472988190059,Bronze
533,60,Male,France,111177,9,3,24,Medium,69.12616430874769,Silver
534,54,Female,USA,111480,3,1,2,Medium,53.90380007989536,Bronze
535,35,Female,UK,56863,5,3,12,Medium,51.07107243155319,Gold
536,26,Male,France,94524,6,2,42,Medium,69.36368223407423,Silver
537,54,Female,Canada,32895,7,8,2,Medium,41.260453576963336,Gold
538,63,Male,Canada,88130,6,4,25,High,94.64457726061231,Silver
539,44,Male,Canada,35123,2,3,4,Low,11.813472230508498,Bronze
540,62,Male,Germany,55021,3,1,36,Medium,45.245252595793694,Bronze
541,54,Female,France,109503,4,4,17,Medium,43.622073171926914,Bronze
542,48,Female,Germany,69373,8,5,12,Medium,51.26702505622947,Silver
543,56,Male,Canada,87832,2,7,6,High,76.5591018200682,Gold
544,37,Male,Canada,81444,6,1,32,High,95.70649196798237,Bronze
545,56,Female,USA,53892,7,8,48,Medium,47.65854237640649,Gold
546,60,Female,USA,73964,5,10,19,Low,34.53467240751895,Silver
547,29,Female,France,30696,7,3,25,Medium,55.23323803837953,Bronze
548,18,Male,France,114575,6,9,39,High,71.78448988625982,Gold
549,54,Male,Germany,101424,8,10,32,Low,29.682574946265248,Silver
550,19,Female,France,114729,3,10,35,Low,23.801856532701766,Bronze
551,51,Male,USA,47176,5,7,25,Medium,51.8343121747274,Silver
552,25,Female,UK,95952,6,5,8,Medium,62.391496574854514,Silver
553,19,Male,France,108248,4,3,1,High,89.36823544033494,Silver
554,59,Female,Germany,97753,4,8,33,Medium,53.26516311540293,Silver
555,31,Female,UK,66571,10,6,19,High,82.7067839766578,Bronze
556,25,Female,France,86474,3,8,42,High,88.19019446256746,Gold
557,40,Female,France,46725,8,2,38,Medium,69.0883179143175,Bronze
558,24,Female,UK,35742,6,1,22,High,92.56362810742921,Silver
559,54,Male,France,106055,5,8,47,High,97.6587336525912,Bronze
560,32,Male,Germany,108892,2,4,25,High,99.44777468799816,Bronze
561,47,Male,Germany,57156,9,3,24,High,74.60290449297746,Gold
562,26,Male,Canada,89097,1,3,35,Medium,44.574507904740486,Gold
563,37,Male,Canada,32854,10,5,12,High,78.93309044538925,Bronze
564,43,Female,USA,37143,1,10,36,Low,30.210571496303118,Silver
565,50,Female,Canada,83564,5,4,13,High,84.23130329614126,Bronze
566,29,Male,Germany,89311,10,2,35,Medium,65.38999420340889,Silver
567,47,Male,France,78654,3,3,24,Medium,61.56815577213247,Gold
568,56,Male,Canada,51198,2,2,20,High,90.71896207077799,Silver
569,56,Female,Canada,55818,6,10,49,Medium,63.656594318597584,Gold
570,50,Female,UK,104532,1,1,3,Medium,67.36809392242054,Gold
571,29,Female,UK,65715,4,1,20,High,74.40529484186449,Gold
572,19,Male,France,36296,10,4,38,High,74.83468300284689,Silver
573,56,Female,Germany,87134,1,10,37,Medium,58.13556233797177,Silver
574,37,Female,UK,81538,1,3,45,Medium,66.42435235762139,Bronze
575,60,Male,France,66886,2,6,8,Medium,69.93282699583196,Silver
576,68,Male,Germany,57832,9,9,44,High,90.83027480789744,Bronze
577,55,Male,France,82816,10,2,32,Low,20.431822316330685,Bronze
578,69,Male,UK,86159,3,4,43,Medium,48.627589675873445,Bronze
579,31,Female,Germany,49213,7,2,27,Medium,46.54667443940258,Gold
580,46,Female,Canada,78353,5,2,44,Medium,44.28671141145589,Silver
581,41,Female,Canada,36779,4,5,4,High,99.77367167839486,Silver
582,31,Female,Canada,77883,5,3,3,Low,25.123359952403376,Bronze
583,22,Female,France,110668,8,7,29,High,72.09490371642947,Gold
584,52,Male,UK,114329,3,5,12,Medium,46.245816286930264,Bronze
585,21,Female,Canada,92118,9,4,34,Medium,57.95846964670529,Bronze
586,44,Male,Germany,77419,8,9,26,Medium,64.08738734588917,Bronze
587,31,Female,France,106602,3,5,32,Medium,47.42262752720846,Bronze
588,28,Female,USA,76703,9,3,18,Medium,63.059843778949215,Gold
589,50,Female,UK,72991,8,10,9,Low,23.01811829816928,Gold
590,26,Male,Germany,64166,1,6,12,Low,38.72902942215763,Bronze
591,29,Female,USA,42806,3,6,48,Medium,52.948330775379276,Silver
592,61,Male,Canada,109634,9,10,12,Medium,51.23851577243114,Silver
593,66,Female,Germany,104119,1,1,25,Medium,60.37988935208051,Silver
594,38,Male,Canada,65369,1,6,13,High,89.30998521386604,Bronze
595,58,Female,France,81487,4,6,46,Medium,45.11301023362361,Bronze
596,35,Male,Germany,94130,5,10,36,Medium,61.381112829583685,Silver
597,52,Male,Canada,93072,3,9,33,Medium,41.56108710420789,Silver
598,31,Female,France,33955,6,6,2,High,79.62845963524273,Bronze
599,34,Female,UK,107985,2,8,8,Medium,50.42900668796522,Silver
600,37,Male,UK,111805,7,2,8,Medium,67.40266983950426,Bronze
601,35,Male,Germany,100158,4,4,44,High,79.00089871442225,Bronze
602,24,Female,UK,100242,8,10,44,High,80.2186206967109,Silver
603,49,Male,Germany,80273,10,5,7,Medium,64.52658089930513,Bronze
604,19,Male,UK,40034,8,4,28,High,95.46858670419677,Gold
605,47,Male,UK,63435,4,7,4,Medium,59.93602831964722,Silver
606,64,Female,UK,56392,5,9,14,Medium,52.136286724955184,Gold
607,58,Female,USA,34268,1,7,29,Low,7.690708849237962,Bronze
608,29,Male,Canada,95922,4,1,23,Low,25.652796205710448,Silver
609,49,Female,France,62778,1,8,27,Medium,68.49521526924454,Bronze
610,24,Female,France,92478,2,8,45,Medium,45.17539385198181,Bronze
611,31,Male,Germany,101665,8,10,38,High,73.8832567755695,Bronze
612,46,Male,USA,56934,5,9,29,High,89.71724584035772,Bronze
613,63,Female,UK,46235,5,8,10,Medium,51.243404905269074,Silver
614,54,Male,UK,78414,6,6,19,High,73.60510992322466,Bronze
615,60,Male,Canada,117353,10,4,38,Medium,46.44176851927782,Bronze
616,49,Male,Canada,50010,9,10,42,High,89.33152758292253,Silver
617,55,Female,Germany,30233,10,3,17,High,86.32183907282132,Bronze
618,38,Male,Canada,82625,10,10,30,Low,24.88953078564702,Bronze
619,67,Male,UK,56676,6,6,16,Medium,62.30031802818974,Bronze
620,24,Male,France,116005,2,3,47,High,73.20894122193229,Bronze
621,20,Male,France,55800,4,7,9,Medium,68.4552253245566,Gold
622,38,Female,USA,73422,9,2,43,High,90.30550918154694,Bronze
623,53,Male,Canada,72368,6,10,26,High,86.30290088270431,Silver
624,39,Male,UK,91089,4,4,49,Medium,42.36024218270384,Bronze
625,45,Female,Germany,96797,5,6,14,Medium,69.6357548865762,Gold
626,45,Female,UK,103989,10,2,43,High,72.60382101099046,Silver
627,69,Female,USA,118315,9,3,32,High,79.5426235675537,Gold
628,37,Male,France,63736,10,6,13,High,74.37668376651189,Bronze
629,52,Female,Germany,48970,4,1,44,Medium,50.97300134375239,Silver
630,47,Female,UK,83462,3,3,26,Low,28.47967723168542,Bronze
631,53,Female,Canada,95956,4,4,45,Medium,55.48377599240029,Bronze
632,37,Male,USA,80205,6,5,45,Medium,65.45311441615914,Bronze
633,31,Male,USA,91730,6,7,30,Medium,46.53051425810804,Bronze
634,51,Female,UK,109409,5,5,33,Medium,46.82681990270697,Silver
635,50,Female,Germany,33572,6,2,18,Medium,53.79936158201893,Gold
636,66,Female,USA,86961,5,8,48,Medium,64.65189582095081,Bronze
637,44,Male,Canada,38658,9,4,40,Medium,67.30009233669385,Bronze
638,61,Female,UK,40670,5,4,22,Medium,46.714408321269474,Silver
639,24,Male,UK,46376,5,1,4,Medium,43.80757000248662,Silver
640,22,Female,Canada,90890,6,7,43,Low,35.84280279038679,Silver
641,65,Male,Germany,103461,3,8,4,High,77.89088740592187,Gold
642,27,Female,USA,30604,6,4,11,High,81.2207649615156,Silver
643,41,Male,France,104928,4,4,8,High,83.93788954827636,Bronze
644,26,Male,UK,47205,1,3,26,High,89.26509983753967,Silver
645,26,Male,UK,69778,7,6,3,Medium,49.303245750389465,Bronze
646,53,Female,Canada,63046,10,2,49,High,85.67687193915626,Bronze
647,47,Female,UK,86924,3,7,3,Low,23.79261174890831,Gold
648,50,Male,USA,108165,2,2,19,Medium,46.94160750923403,Gold
649,35,Male,Canada,83899,4,2,46,Medium,57.42553993452991,Silver
650,69,Male,Germany,73697,2,8,31,Medium,56.314827475063595,Bronze
651,47,Male,USA,58488,2,1,35,Medium,58.781643516785564,Gold
652,39,Female,Canada,96215,5,9,7,Medium,57.876637697832784,Bronze
653,63,Female,UK,69205,1,2,25,Low,3.865633838902387,Silver
654,28,Female,USA,43987,10,3,34,Medium,47.29123408736839,Silver
655,68,Female,UK,109809,1,6,6,Medium,67.91473572016262,Gold
656,23,Male,USA,101949,8,8,15,High,82.14741347351965,Bronze
657,29,Male,USA,89928,1,4,5,Low,11.400265701209202,Bronze
658,18,Female,Canada,81159,5,3,18,High,97.69900204840053,Bronze
659,24,Male,France,108788,3,10,34,Medium,67.27205672064487,Bronze
660,40,Male,Canada,99038,10,3,44,Medium,45.666009139685656,Gold
661,30,Female,UK,114664,4,6,35,High,85.98045182556228,Gold
662,37,Female,USA,69479,2,7,10,High,89.72957786506032,Silver
663,32,Male,Germany,117951,3,6,14,Medium,64.87358437317482,Bronze
664,60,Female,USA,34203,10,4,19,Low,8.17467328291957,Bronze
665,53,Male,Canada,105124,6,8,1,Medium,55.110544080646726,Bronze
666,54,Male,France,64097,7,2,33,Medium,54.70027187351371,Gold
667,46,Female,USA,81553,4,4,46,Low,8.21183988322579,Silver
668,39,Male,Canada,39344,8,4,9,High,92.0246617358102,Bronze
669,63,Female,UK,107947,7,10,14,Medium,49.60124430430157,Bronze
670,44,Female,Canada,108586,9,4,2,Medium,42.43947614257043,Bronze
671,45,Male,USA,62740,7,6,34,Medium,41.993297642931914,Silver
672,44,Male,Canada,58832,9,7,47,Medium,56.674182068062606,Gold
673,28,Male,UK,93516,7,6,46,High,80.37822329507132,Bronze
674,64,Female,UK,114321,3,4,29,Medium,65.99142357974563,Bronze
675,65,Male,UK,66506,9,5,20,Medium,45.983995746422906,Gold
676,63,Male,Canada,65300,8,7,3,Medium,57.34140631606035,Bronze
677,18,Female,USA,79832,3,10,43,Low,37.41454332619578,Bronze
678,49,Female,Germany,96195,7,3,34,Medium,57.49515620966933,Bronze
679,50,Female,Germany,31496,6,3,2,Low,24.28864145364885,Silver
680,26,Male,UK,46661,6,2,49,High,73.36590271881333,Gold
681,30,Male,Canada,75638,10,6,41,Medium,49.36902815800759,Bronze
682,35,Female,UK,107658,2,6,8,High,72.02946778824636,Silver
683,34,Female,France,78824,9,4,27,High,92.08955242751786,Bronze
684,69,Male,France,97883,8,4,22,Medium,50.74318680536812,Bronze
685,67,Male,France,90099,9,1,28,High,99.14523796324728,Gold
686,48,Female,USA,52646,4,3,45,High,84.12763262977968,Silver
687,39,Male,UK,51663,4,6,38,High,78.09458581731093,Silver
688,34,Female,Germany,35914,5,4,37,Medium,59.246590305196136,Silver
689,49,Male,USA,49634,5,6,24,Medium,64.30717664311544,Bronze
690,67,Male,Germany,41676,3,5,34,Low,36.51694196161958,Bronze
691,64,Male,Germany,97454,6,4,12,High,88.08305266928929,Silver
692,40,Female,USA,86367,5,4,26,Medium,61.919211066792535,Silver
693,44,Female,Canada,89778,9,8,18,Medium,60.633386260156136,Silver
694,43,Male,Canada,97065,10,2,8,Medium,47.80531096955185,Bronze
695,32,Female,USA,107197,7,3,35,Medium,43.099187143052944,Silver
696,29,Female,USA,91903,9,10,17,Medium,51.68685216997071,Silver
697,26,Male,Germany,79025,7,4,16,Medium,46.20807678344052,Bronze
698,50,Female,Canada,51623,8,9,18,Medium,63.74341249677579,Gold
699,19,Male,France,105401,3,3,13,Low,4.640666415027626,Gold
700,52,Female,USA,38426,4,6,9,Low,30.0823745203421,Gold
701,23,Female,Canada,87802,3,2,3,High,95.18141555253897,Gold
702,40,Male,France,80660,10,7,8,High,96.64512295226476,Silver
703,49,Male,USA,36734,5,2,24,Medium,61.44087186245926,Bronze
704,35,Male,Germany,94398,5,2,34,Medium,51.02621890842744,Bronze
705,42,Female,Canada,116716,2,1,26,High,89.68138521746425,Bronze
706,41,Female,Germany,99746,2,1,11,Low,34.71697207486608,Bronze
707,42,Female,UK,40776,8,3,46,Low,31.100455268378422,Bronze
708,56,Male,Canada,55499,1,4,34,Medium,46.62556997189995,Bronze
709,42,Female,Germany,90976,6,10,38,High,97.83305522729,Bronze
710,48,Female,Germany,112020,1,5,6,High,86.55357125352339,Gold
711,58,Male,UK,105969,6,1,30,Medium,65.42341139333928,Bronze
712,51,Female,France,75058,5,5,26,Medium,63.608172465224804,Bronze
713,34,Male,USA,61542,6,6,26,Medium,65.02993973467622,Bronze
714,60,Female,USA,52641,1,10,41,Low,30.5340159919853,Silver
715,24,Female,USA,86270,9,6,19,Medium,48.01440173025506,Silver
716,52,Male,France,98635,5,9,26,High,82.48417694594914,Bronze
717,38,Male,Canada,101581,1,1,31,Medium,54.80101540172687,Bronze
718,62,Male,France,62183,6,1,32,Medium,45.601405305219345,Silver
719,19,Female,Germany,53146,6,6,4,Medium,47.84188228424064,Silver
720,37,Female,USA,49483,4,1,31,Low,33.799749891593855,Bronze
721,65,Female,Germany,117884,1,1,42,High,82.08430369929268,Bronze
722,59,Female,Germany,103556,7,4,37,Medium,64.79894445672916,Gold
723,43,Female,Canada,45663,8,1,29,High,71.7853700046444,Bronze
724,59,Female,Germany,65099,3,4,43,Low,39.07551816571574,Silver
725,38,Female,France,93101,1,8,33,Medium,53.74259272509822,Bronze
726,54,Male,France,117364,6,5,20,Medium,56.50240592518492,Bronze
727,22,Female,USA,31950,9,3,35,Medium,66.3734760717452,Bronze
728,18,Male,France,100076,9,1,32,Medium,66.57804541377858,Bronze
729,52,Male,France,91147,2,8,28,Medium,54.56045101524929,Gold
730,25,Female,Germany,77503,3,4,43,Low,11.853888286069736,Bronze
731,58,Female,Canada,76078,5,1,38,Medium,43.91203819459869,Bronze
732,52,Female,UK,111903,4,2,47,High,84.22860816316268,Gold
733,62,Female,USA,106650,6,5,40,High,76.71056296689669,Bronze
734,69,Male,Canada,75198,5,6,3,Low,31.44592158764525,Bronze
735,54,Female,UK,52691,10,5,17,Medium,51.648379665488505,Bronze
736,27,Female,UK,44277,1,6,12,Medium,46.909427508051486,Silver
737,33,Female,UK,75168,5,8,34,Medium,50.99408563651795,Silver
738,56,Female,UK,111452,3,4,6,Medium,59.03590513795753,Silver
739,60,Female,USA,57042,10,6,31,Medium,51.96497929497758,Bronze
740,35,Female,Germany,66994,2,3,33,High,79.77162088026131,Gold
741,27,Male,Germany,80448,1,1,2,High,85.31759357661127,Bronze
742,23,Female,France,93419,4,4,23,High,76.07754835391427,Bronze
743,44,Male,USA,73171,6,4,17,Medium,53.33432997867835,Bronze
744,21,Female,France,52705,2,9,42,High,77.63207443182228,Gold
745,32,Male,USA,93547,8,2,41,Medium,63.58247377693216,Bronze
746,39,Male,France,91296,6,3,21,Medium,58.43310404213912,Gold
747,53,Male,France,33293,1,8,31,Medium,60.34064810585765,Silver
748,24,Male,Germany,63427,4,10,41,Medium,61.09696804644057,Silver
749,61,Male,France,31521,3,5,4,Medium,49.44968209110894,Gold
750,38,Male,France,114585,9,5,36,Medium,46.79568700451181,Gold
751,57,Female,Canada,118338,9,1,13,Medium,47.13798946031119,Gold
752,35,Male,France,42145,10,6,31,High,93.94190067653784,Gold
753,43,Female,Germany,50595,9,1,7,Medium,47.85847097425663,Bronze
754,51,Female,Canada,92611,2,2,40,Medium,47.02937407993499,Silver
755,58,Female,France,61479,7,4,9,Medium,50.91195176750527,Bronze
756,55,Female,Canada,61692,2,2,31,Low,28.02426782160309,Silver
757,31,Female,Canada,93530,10,8,23,High,93.20294930723558,Bronze
758,63,Male,Canada,57891,1,6,23,Medium,65.10972907565886,Silver
759,41,Female,France,39456,1,3,37,Medium,69.89707959153057,Bronze
760,42,Female,UK,48471,8,2,16,Medium,69.95297859373625,Bronze
761,23,Male,UK,48807,4,8,39,Medium,54.321479318588146,Silver
762,54,Male,UK,103676,4,7,5,High,97.85744449649133,Gold
763,50,Female,USA,59590,5,6,46,High,84.2528728583806,Silver
764,42,Female,UK,65815,4,8,44,High,99.06466669229158,Silver
765,58,Female,UK,99137,2,8,43,Medium,57.742189494531615,Bronze
766,33,Female,UK,80470,2,8,32,Medium,69.90834861113991,Silver
767,46,Male,USA,66795,6,7,44,Medium,57.272604733683764,Silver
768,48,Male,France,51979,10,3,47,Low,35.69912185853932,Bronze
769,35,Male,UK,47725,1,7,43,Low,12.60123437956659,Bronze
770,49,Male,Canada,62944,2,2,1,High,94.18801082865784,Silver
771,27,Male,UK,75641,6,7,18,Medium,42.380854108024494,Silver
772,26,Male,Canada,77301,10,7,31,Medium,69.92762018710948,Bronze
773,20,Female,USA,107131,10,5,8,High,71.92047231088716,Silver
774,54,Female,UK,54694,8,7,30,Low,15.79650976417565,Bronze
775,20,Female,UK,43784,2,10,21,Medium,48.777230778643535,Gold
776,48,Male,France,76621,1,10,1,High,82.46623273666287,Bronze
777,66,Female,USA,65309,5,9,34,Medium,69.81689981260544,Silver
778,67,Male,Germany,46326,5,10,47,Medium,51.48515266790065,Gold
779,24,Female,Germany,73630,8,6,20,Medium,53.751429915489204,Silver
780,24,Female,USA,72333,3,3,16,Medium,63.24211303539133,Gold
781,25,Female,Canada,48683,8,8,19,Medium,61.44697537382061,Silver
782,68,Male,Germany,64711,1,8,33,Medium,56.37585001613675,Bronze
783,58,Female,UK,71801,8,4,5,Low,24.454989735548352,Silver
784,62,Male,Canada,106972,1,6,6,Low,17.799366099837584,Bronze
785,67,Female,Canada,98721,9,5,21,Medium,53.7377639356351,Silver
786,32,Male,Germany,57066,10,8,22,Low,23.884564332614666,Bronze
787,40,Male,Germany,50102,4,7,17,Low,25.3606006989324,Gold
788,35,Female,Germany,31188,5,2,36,Low,37.701882140092245,Silver
789,32,Male,USA,86120,5,9,45,Low,36.413985643222595,Bronze
790,22,Female,France,86567,10,6,47,Low,25.362298964450538,Silver
791,66,Male,France,112202,9,5,2,High,96.54443653185606,Gold
792,24,Male,UK,74281,7,5,16,Medium,46.57047338416851,Bronze
793,26,Male,UK,98260,6,9,25,Low,7.529722843382781,Gold
794,46,Female,UK,84808,4,10,44,Medium,47.406796976616896,Gold
795,26,Male,Canada,76960,8,7,30,High,78.11943325386937,Bronze
796,25,Female,France,53424,7,4,21,Low,12.817248368920362,Bronze
797,35,Female,Germany,72746,2,1,21,High,95.68600147639276,Bronze
798,61,Male,France,61977,1,4,12,Medium,48.62438953892461,Bronze
799,22,Male,Canada,91544,5,5,15,Medium,58.999619984938505,Silver
800,31,Female,UK,96541,3,3,26,Low,25.757839268323462,Silver
801,18,Male,UK,88227,3,6,47,Medium,54.012099872078224,Silver
802,62,Female,UK,32721,7,4,11,Medium,64.57420522116736,Gold
803,33,Male,UK,33437,1,8,12,Medium,63.88023482179604,Bronze
804,69,Male,UK,89760,4,5,45,High,95.63584647086677,Bronze
805,60,Male,UK,65584,10,5,28,High,78.16611742828734,Bronze
806,40,Male,Canada,85339,3,7,44,Medium,48.49408586654412,Bronze
807,54,Female,Canada,50721,10,8,41,Low,30.921120335497196,Bronze
808,34,Male,USA,64351,4,10,12,Medium,48.09659876829335,Silver
809,53,Female,France,59089,9,10,23,Medium,58.797584519609714,Gold
810,32,Male,UK,86601,1,4,11,Medium,52.49690447606919,Silver
811,24,Female,Germany,77174,5,8,26,High,78.70802697711453,Gold
812,21,Female,Germany,46146,1,6,2,Medium,50.20370006273038,Silver
813,56,Female,UK,70712,10,1,21,High,95.83533531340836,Bronze
814,41,Female,Germany,99580,10,3,34,Medium,63.45738694987918,Silver
815,47,Female,USA,32105,1,9,11,Medium,61.8371148484606,Gold
816,65,Male,Germany,83672,7,4,19,Medium,60.91253745681125,Bronze
817,47,Female,Germany,105044,8,7,44,High,97.66962049890758,Bronze
818,54,Female,France,113203,5,3,16,Medium,64.95607611907816,Gold
819,65,Female,France,97463,10,9,16,High,79.61317308237064,Silver
820,41,Female,Germany,73314,1,8,9,Low,33.935708381992974,Silver
821,25,Male,USA,113210,7,3,11,Medium,42.825109974194376,Silver
822,31,Male,UK,49390,5,1,28,High,71.04722151697314,Silver
823,20,Male,Canada,33021,5,5,15,Low,33.83910975629817,Bronze
824,18,Male,France,97106,1,9,28,Low,2.410621765502668,Bronze
825,56,Male,Germany,40514,5,7,45,Low,23.461047776654873,Gold
826,25,Female,USA,78488,6,6,32,Low,2.020477153083677,Silver
827,51,Female,Canada,69098,3,10,18,High,98.10472877412593,Bronze
828,34,Female,Canada,67074,7,8,37,High,97.00421867911405,Gold
829,29,Male,France,65098,5,4,49,Medium,44.231361307361524,Gold
830,54,Male,UK,111127,10,10,38,Low,24.314378881462925,Bronze
831,49,Female,UK,95082,10,3,29,Medium,61.63685407893104,Bronze
832,53,Female,France,38103,5,2,20,Medium,57.032351365338215,Bronze
833,25,Male,Canada,98218,9,2,41,Medium,63.42110684891409,Bronze
834,50,Female,Canada,64417,3,8,41,Low,18.059504512547793,Bronze
835,63,Male,USA,60537,9,3,22,High,83.88580779185018,Silver
836,23,Female,USA,119465,4,10,15,Low,9.596695931845634,Bronze
837,53,Male,Canada,73321,5,7,20,High,84.44676744310263,Bronze
838,66,Male,Germany,66128,4,7,38,Medium,69.92613021944716,Bronze
839,49,Female,UK,35339,9,6,9,High,94.00242515803151,Bronze
840,32,Male,Germany,106977,8,2,46,Low,1.3135118189684407,Bronze
841,32,Male,Canada,34185,2,5,7,Medium,56.38209653447762,Bronze
842,34,Male,USA,53255,7,4,19,Medium,55.46571639004101,Bronze
843,20,Female,France,53645,7,1,8,Low,22.558389614292825,Bronze
844,69,Male,UK,109950,7,2,36,Medium,68.21205882724158,Silver
845,68,Female,USA,118319,2,4,33,Medium,55.75141965906529,Bronze
846,62,Female,UK,59081,3,4,12,Medium,57.68577985630034,Gold
847,22,Male,Canada,81800,1,8,49,Medium,66.76697605067777,Bronze
848,62,Male,UK,119105,1,7,5,Medium,49.06057120164388,Gold
849,46,Male,France,63661,5,8,8,Medium,54.72506945828303,Silver
850,43,Female,UK,60045,6,7,16,High,96.3265320548462,Silver
851,24,Female,Canada,75168,4,8,48,Medium,67.58855083763731,Gold
852,52,Female,USA,32877,4,10,41,Medium,65.60967949597752,Bronze
853,57,Male,Germany,43519,5,2,38,Low,22.219733960453418,Bronze
854,64,Female,UK,65211,3,8,30,Low,22.1601455408733,Bronze
855,33,Female,France,48212,3,6,3,Medium,56.67432410215585,Bronze
856,61,Female,USA,78016,5,9,7,Medium,58.14580703084083,Bronze
857,36,Female,Canada,115374,9,1,20,Medium,65.2550652679389,Bronze
858,33,Female,UK,100870,10,4,27,High,85.17913456300748,Gold
859,52,Male,UK,87961,8,1,19,Medium,59.636123565090216,Silver
860,38,Female,France,102212,10,8,23,High,91.58442405911529,Bronze
861,44,Male,UK,99375,7,4,20,Medium,46.956074445266864,Gold
862,40,Female,Germany,42274,6,10,4,Medium,66.97677636120211,Bronze
863,66,Male,USA,99602,10,10,33,Low,23.176637723249513,Bronze
864,53,Male,UK,31237,5,3,41,Medium,46.84265108232998,Bronze
865,53,Male,UK,71892,10,6,10,High,94.5925218578359,Bronze
866,56,Male,Canada,36907,4,5,7,High,85.21297756674518,Silver
867,51,Female,UK,67179,7,2,3,Medium,68.90196146868645,Bronze
868,66,Male,France,33071,2,5,21,High,72.31793749489746,Silver
869,55,Male,Germany,74325,1,5,13,High,90.89299032691619,Silver
870,36,Female,Canada,107177,4,7,18,Medium,65.54335208853367,Silver
871,62,Male,UK,99238,4,3,21,Medium,57.01682230721978,Silver
872,53,Male,USA,73063,4,9,21,Medium,42.314427456592945,Bronze
873,29,Male,France,33440,9,7,30,Low,29.971640631568018,Silver
874,32,Male,Canada,68776,3,2,43,Low,9.09710870100128,Gold
875,19,Male,Canada,115599,10,2,36,High,86.09107166130306,Silver
876,32,Female,USA,83976,6,6,13,High,76.20768762381489,Gold
877,68,Female,USA,53340,5,4,4,Medium,51.17918419210021,Bronze
878,31,Male,UK,67725,3,6,17,Medium,46.91148424694928,Bronze
879,20,Male,USA,116147,7,9,13,Low,1.5349811641821072,Gold
880,39,Male,UK,61708,8,6,19,Medium,53.94636295049871,Bronze
881,64,Female,Germany,81250,10,7,44,Low,9.682510527839673,Gold
882,27,Male,France,35407,1,8,31,Low,13.997561612781759,Bronze
883,34,Male,UK,118754,10,6,4,Low,14.92327873639445,Silver
884,44,Male,Germany,105457,9,6,17,High,73.22728466136753,Silver
885,43,Male,Germany,53636,2,8,7,Medium,53.310371045428866,Bronze
886,34,Female,Canada,81930,5,4,47,Medium,57.05638683233532,Gold
887,31,Female,UK,77428,10,3,25,Medium,53.2916569069058,Silver
888,34,Male,USA,112875,1,3,37,Medium,56.712741771491075,Silver
889,52,Female,France,32021,4,1,13,High,76.29253491242956,Silver
890,48,Female,France,50970,9,10,29,High,97.3401000039751,Silver
891,52,Female,UK,114815,10,6,13,Low,13.27657569171595,Bronze
892,68,Female,Canada,34970,3,2,11,High,91.91871158516383,Bronze
893,53,Female,UK,57952,10,5,23,High,94.2141423090873,Gold
894,51,Female,Germany,41796,9,8,41,Medium,62.58364600238065,Silver
895,18,Female,Germany,71275,4,3,12,High,89.31696413606537,Bronze
896,18,Male,USA,116848,10,4,34,Low,4.8079528285136055,Gold
897,48,Female,UK,53609,5,5,35,Medium,63.75839778364767,Bronze
898,43,Female,France,51052,4,1,35,Low,25.90281172126939,Gold
899,50,Male,UK,61276,10,6,40,Medium,49.58852153102852,Bronze
900,45,Male,Germany,118751,8,10,1,Medium,67.5915870332719,Bronze
901,51,Female,Canada,115729,2,3,39,High,82.98868072021082,Gold
902,34,Female,Canada,80779,2,3,36,Medium,67.4401155183035,Silver
903,52,Male,USA,114922,4,8,38,High,73.13849703411447,Gold
904,44,Male,France,67525,5,5,16,Low,3.27757769328213,Gold
905,25,Male,UK,37526,9,3,3,Low,22.198350260609626,Silver
906,25,Female,Germany,67259,7,9,46,High,97.54471122896624,Bronze
907,24,Male,Canada,83844,6,7,4,Medium,69.38206448713666,Silver
908,46,Male,UK,33721,5,6,47,Medium,65.29334579249326,Silver
909,48,Male,USA,75985,6,2,11,Low,39.60778955299907,Bronze
910,60,Female,France,91933,6,6,44,Medium,49.05882250341381,Bronze
911,35,Male,USA,77036,4,1,27,Medium,45.130927812839595,Bronze
912,50,Male,Germany,119118,8,10,47,High,94.31549122844955,Bronze
913,42,Male,USA,56598,6,2,1,Low,19.845816015195503,Silver
914,47,Male,Germany,67515,5,9,20,Medium,67.00167516291621,Bronze
915,60,Female,France,44424,9,5,40,Medium,51.06673187863293,Bronze
916,65,Female,USA,67164,1,9,11,Medium,55.638187199798224,Bronze
917,19,Male,France,92337,3,6,30,Low,39.019379118120106,Silver
918,63,Female,Germany,82805,7,5,46,Medium,47.88595753649634,Bronze
919,67,Male,UK,31805,9,10,41,High,82.55556058309891,Gold
920,64,Female,Canada,118563,1,9,46,Medium,66.0305734430308,Bronze
921,31,Male,Canada,101193,7,10,13,Medium,56.16212396869403,Bronze
922,39,Male,Germany,118481,10,6,47,Medium,67.8759809404413,Silver
923,18,Male,UK,81185,10,10,11,Medium,68.60673645081079,Bronze
924,26,Female,Canada,86435,10,5,40,Medium,68.13377511675115,Bronze
925,37,Female,France,113097,8,2,6,Medium,42.19153874534313,Bronze
926,21,Male,Canada,117259,1,6,39,Medium,67.50248685320078,Silver
927,56,Male,USA,30756,2,4,24,High,96.60595629126908,Bronze
928,44,Male,UK,90057,6,6,24,Medium,44.84159102534574,Bronze
929,20,Male,USA,46948,2,5,38,Medium,45.300179820582684,Gold
930,57,Male,Germany,87229,3,2,39,Medium,54.34750511293301,Bronze
931,61,Female,UK,106980,6,9,35,Medium,58.917596888059165,Silver
932,58,Male,Germany,71888,9,3,15,Medium,58.60066408892365,Bronze
933,66,Male,Germany,111597,4,2,8,Low,4.895248301148801,Silver
934,39,Female,UK,37523,7,3,24,Medium,61.25389532474709,Bronze
935,31,Male,UK,66395,9,4,36,Medium,50.65581449896797,Silver
936,18,Female,Germany,67809,5,2,49,High,88.22224237762029,Bronze
937,52,Male,France,91293,10,6,23,Medium,42.04884557507137,Gold
938,48,Male,USA,118498,7,9,4,Medium,53.5174335853114,Silver
939,29,Male,USA,108210,10,7,42,Low,20.970777525779194,Gold
940,26,Male,Germany,86779,6,8,7,Low,29.544609772946803,Silver
941,46,Male,USA,73131,10,2,8,Medium,46.64078923628161,Bronze
942,61,Female,UK,56065,5,4,24,Low,1.4459127297208592,Bronze
943,47,Male,Germany,77602,8,3,6,Medium,49.31495730830363,Silver
944,23,Female,USA,111118,10,3,45,Medium,67.36371199796969,Silver
945,48,Male,France,98514,2,3,20,Medium,63.44267552252316,Bronze
946,49,Male,Germany,111101,5,2,16,High,89.30936959742398,Bronze
947,51,Male,France,33042,2,1,8,High,83.86707348025888,Silver
948,23,Female,USA,60353,8,3,13,Medium,54.81450042212224,Bronze
949,47,Female,France,80321,3,10,13,High,72.43405178058907,Gold
950,30,Female,France,47496,1,9,48,Medium,61.31436636422512,Bronze
951,35,Male,Canada,65505,10,1,42,High,96.9169096771468,Bronze
952,28,Female,UK,71334,3,2,42,High,83.72494694816409,Silver
953,59,Male,Germany,35531,4,6,46,High,76.62102463654894,Silver
954,41,Female,Canada,47397,5,3,20,Medium,64.47732034673797,Gold
955,65,Female,UK,48238,4,9,43,High,90.11855402010924,Gold
956,25,Female,USA,33805,10,5,4,Medium,44.75417884239342,Bronze
957,66,Female,UK,32487,7,8,21,Low,10.206165323997407,Gold
958,39,Female,France,58904,1,7,1,Medium,63.875475464862134,Bronze
959,68,Male,USA,115897,6,1,21,High,81.06043218781005,Bronze
960,53,Male,UK,92242,10,6,40,Low,6.387209431653629,Bronze
961,67,Male,Canada,81739,8,8,18,Medium,65.56093578494489,Silver
962,42,Female,Canada,90269,7,1,2,High,96.23721941491328,Silver
963,54,Male,UK,118803,1,2,36,Medium,58.70297388220044,Bronze
964,18,Male,France,38050,6,8,43,Medium,62.02261405733811,Bronze
965,39,Male,France,76528,8,10,18,Low,29.19685397893993,Bronze
966,22,Female,USA,49801,2,6,41,Medium,41.07571382463366,Bronze
967,25,Female,France,60387,4,1,4,Medium,42.17556315567533,Silver
968,51,Female,Canada,83647,3,6,27,Medium,58.3874775163479,Bronze
969,20,Male,Canada,104379,9,2,26,Low,31.34148736250881,Silver
970,43,Male,USA,45301,5,3,1,High,97.13032425773474,Bronze
971,38,Female,Germany,36150,5,8,8,High,93.99456307732149,Silver
972,63,Female,UK,106362,9,1,21,Medium,45.80078604899357,Bronze
973,35,Female,USA,61048,7,7,31,Medium,52.502019729822294,Silver
974,41,Male,Canada,104988,2,5,27,High,88.00607253870189,Gold
975,39,Female,Germany,119388,10,1,3,High,85.98843223756695,Bronze
976,27,Male,France,39938,4,6,35,High,96.92157919200564,Bronze
977,30,Female,France,45701,10,1,11,Low,22.866925581829577,Bronze
978,38,Female,USA,51245,8,6,3,High,83.3501199271118,Silver
979,34,Female,France,65518,9,3,31,High,71.14136025624364,Bronze
980,55,Female,Canada,46163,6,6,34,High,93.85980358661197,Silver
981,53,Male,UK,39029,10,7,1,Medium,51.149207176800104,Silver
982,43,Female,UK,33650,4,10,43,Low,15.101529573493204,Silver
983,38,Male,USA,112375,5,3,45,Medium,64.50316981863187,Silver
984,64,Male,France,101537,1,7,41,Medium,57.98266343603042,Silver
985,44,Female,Canada,40571,9,3,20,Medium,53.042590091737644,Bronze
986,40,Male,France,118917,3,1,25,Medium,58.973778305306325,Silver
987,56,Male,UK,68734,1,2,45,Low,2.8730815714367104,Bronze
988,34,Female,France,48119,6,1,34,Low,16.74286026541064,Bronze
989,43,Male,France,119657,6,10,29,Low,27.25678453641225,Bronze
990,29,Female,USA,37052,3,4,49,Medium,47.6857078181865,Silver
991,34,Male,Germany,107107,6,4,5,Medium,55.3434215995306,Bronze
992,56,Male,Germany,76513,3,6,38,Medium,44.56122382556738,Bronze
993,46,Female,UK,60935,3,4,40,Medium,41.33180412469956,Bronze
994,40,Male,Germany,53705,6,2,23,High,74.32241600709176,Gold
995,69,Male,Canada,102238,4,10,32,Medium,55.26499561226468,Silver
996,41,Male,France,52628,2,7,49,High,93.49710496277115,Gold
997,37,Male,Canada,84071,7,2,40,High,88.17583110524164,Bronze
998,20,Female,USA,72582,2,6,22,Medium,60.2819541850642,Bronze
999,68,Female,USA,87373,5,1,3,High,79.22341781817282,Bronze
1000,32,Female,UK,39758,6,5,46,High,96.6208865654821,Silver
1001,67,Male,USA,102550,3,5,25,Medium,48.27669016963145,Silver
1002,32,Male,USA,51687,6,3,9,Medium,61.3557681923395,Silver
1003,68,Female,France,64675,5,1,41,Medium,53.941684696549906,Silver
1004,26,Female,Canada,69073,9,10,5,Medium,51.404623518277134,Bronze
1005,39,Male,France,30866,3,3,38,Medium,45.93876453980863,Gold
1006,29,Male,Canada,88996,1,10,16,High,73.79405910573841,Silver
1007,39,Female,USA,80351,9,6,11,High,99.67459342389718,Bronze
1008,23,Male,UK,73249,1,10,10,High,96.98794423456943,Bronze
1009,61,Male,UK,89747,8,5,8,High,72.0557600711888,Gold
1010,28,Female,UK,74493,10,4,39,High,99.45231628021781,Bronze
1011,65,Male,France,85478,4,7,45,Medium,59.71342917341261,Bronze
1012,19,Female,Germany,44951,2,10,9,Medium,68.80875303018932,Silver
1013,61,Female,USA,110445,8,6,46,Low,35.921191364675636,Gold
1014,62,Male,USA,111308,3,6,37,Medium,43.07611196679518,Silver
1015,31,Female,Canada,64978,1,7,17,Medium,45.01107564470539,Gold
1016,54,Female,France,107224,3,2,6,Medium,60.28016220133334,Bronze
1017,54,Female,UK,109277,4,5,44,Medium,46.12987683760631,Gold
1018,49,Female,UK,76125,1,6,48,Medium,61.98528608809413,Gold
1019,48,Female,Germany,54428,2,2,10,Medium,62.90610546152211,Bronze
1020,41,Female,USA,36353,5,1,42,Medium,44.879298665290065,Bronze
1021,54,Female,France,117509,1,8,48,Medium,51.64704085367529,Silver
1022,35,Male,UK,95452,8,5,7,Medium,65.8575954774948,Bronze
1023,57,Female,Canada,99924,9,5,29,High,95.75296189451515,Bronze
1024,18,Female,UK,52087,6,6,13,High,87.74627883473858,Bronze
1025,69,Male,Germany,100379,3,4,37,Low,39.20772059541127,Bronze
1026,38,Female,Canada,47420,1,7,36,Medium,63.94919396142964,Gold
1027,26,Female,Germany,63065,8,1,16,High,97.43852218057631,Gold
1028,64,Male,USA,79003,8,1,26,Low,2.9990884214206464,Gold
1029,25,Male,UK,57831,8,7,29,Low,18.388061136602804,Bronze
1030,45,Female,France,84145,6,1,3,Medium,63.0701869310642,Gold
1031,52,Male,Germany,76000,7,7,9,Low,1.4997347905773972,Bronze
1032,60,Female,Canada,110674,7,9,1,Low,21.340129409024545,Gold
1033,60,Female,USA,57530,10,4,6,Medium,66.13504087662588,Bronze
1034,23,Male,France,93365,1,9,38,High,95.05313088696835,Gold
1035,56,Female,Canada,72127,5,8,44,High,94.94191334584163,Bronze
1036,49,Female,Canada,89178,4,5,48,Low,34.38130126682856,Bronze
1037,47,Male,USA,87026,9,7,17,Low,18.714166176172665,Silver
1038,42,Female,Canada,42233,9,3,17,Medium,50.39239365695886,Gold
1039,63,Female,France,32134,4,9,39,Low,7.838365251122073,Silver
1040,26,Female,USA,37121,9,1,37,Low,8.130669462727427,Bronze
1041,65,Female,Germany,81572,10,3,19,Medium,41.143424554675164,Silver
1042,27,Male,UK,73222,2,10,48,Medium,64.69514743963785,Bronze
1043,58,Female,Canada,101098,4,3,14,Low,21.706086870520203,Silver
1044,46,Male,France,111163,3,5,29,High,73.79308109089587,Bronze
1045,39,Male,France,31398,2,10,17,Medium,41.837593558638275,Bronze
1046,41,Male,France,105577,7,5,12,High,72.14975325519421,Silver
1047,35,Female,Germany,88876,8,2,24,Medium,49.928634519431135,Bronze
1048,46,Male,USA,93722,10,9,31,Medium,45.28448740956096,Bronze
1049,63,Male,France,107470,8,8,28,High,98.05196890113326,Bronze
1050,55,Male,USA,111072,9,8,33,Medium,63.62418688054896,Bronze
1051,18,Female,USA,94604,2,8,47,High,92.70044717848307,Silver
1052,36,Female,Germany,110233,10,2,2,High,88.90337298065228,Silver
1053,68,Male,UK,41146,1,4,4,High,79.23589224102517,Gold
1054,68,Female,Germany,78382,1,6,4,Medium,46.170544241476776,Silver
1055,63,Male,France,59838,10,1,18,Low,27.353520421128472,Gold
1056,55,Male,UK,35001,3,8,23,Low,13.896476446199246,Bronze
1057,38,Male,Germany,55139,10,10,48,High,86.03558342839278,Bronze
1058,68,Female,UK,64091,4,8,33,Medium,50.55257860065714,Gold
1059,65,Male,Germany,98951,8,4,26,High,88.11616155095308,Gold
1060,18,Male,USA,78782,7,9,21,Low,25.018894356556,Silver
1061,20,Male,Germany,95718,4,6,17,Medium,69.33041547581817,Silver
1062,54,Female,France,112798,8,2,1,High,84.97202721356496,Silver
1063,62,Female,USA,77258,6,5,49,Low,10.951473191695989,Bronze
1064,49,Female,USA,42083,7,6,9,Medium,41.90250189953573,Gold
1065,47,Male,Germany,51363,9,9,24,Medium,65.85326307597028,Silver
1066,32,Female,Canada,34314,7,2,6,Low,28.4120915899091,Silver
1067,64,Male,Germany,108599,10,8,17,High,73.8775909444547,Silver
1068,30,Female,USA,43316,7,1,4,High,87.49960921936373,Bronze
1069,35,Female,UK,73936,6,8,2,Medium,67.8200663608447,Bronze
1070,40,Male,Canada,107085,4,5,15,Medium,49.529916934909856,Gold
1071,41,Female,UK,109807,10,1,31,Medium,42.43552810596486,Bronze
1072,52,Female,USA,71987,4,4,37,High,80.55269198892927,Silver
1073,64,Female,USA,77257,4,8,4,Medium,48.521925705048176,Gold
1074,68,Male,USA,42384,5,3,48,Low,11.29733032902218,Bronze
1075,53,Male,France,117936,6,10,42,Low,25.122252022444044,Bronze
1076,52,Female,France,116707,7,1,11,Medium,61.77637876408306,Gold
1077,46,Male,UK,108525,8,4,45,Low,39.104196837876415,Bronze
1078,25,Male,USA,115811,4,6,22,Medium,62.49530432247432,Silver
1079,66,Male,Germany,103862,8,4,40,Medium,60.19820584931762,Gold
1080,40,Male,USA,57390,1,10,8,Low,6.0078831183902315,Bronze
1081,56,Female,Canada,60659,4,6,10,Medium,50.18972469227409,Bronze
1082,69,Male,USA,79889,5,6,24,Medium,47.742984618361966,Bronze
1083,51,Female,France,78067,8,6,2,Medium,47.61787971937514,Silver
1084,24,Female,France,48845,10,3,49,Medium,50.3455615958853,Bronze
1085,28,Female,France,51011,4,2,47,Medium,62.572983296795925,Silver
1086,52,Male,Germany,85878,1,6,19,High,78.12992503764002,Silver
1087,26,Male,France,75045,2,1,24,High,72.64987608848355,Gold
1088,49,Female,UK,53543,2,9,24,Medium,55.04936558313588,Silver
1089,59,Male,Germany,55935,2,1,3,Medium,41.1267767886539,Silver
1090,47,Male,UK,55774,4,6,13,High,85.13911314451954,Bronze
1091,32,Female,France,66629,7,9,12,Low,34.17921555201893,Silver
1092,42,Female,France,94781,3,6,38,Medium,41.60337441626336,Bronze
1093,56,Male,France,34948,9,1,3,Medium,67.53336814860327,Bronze
1094,63,Female,Germany,117303,5,2,27,High,85.3006891204644,Silver
1095,55,Male,USA,116117,1,10,27,High,71.35420907052799,Bronze
1096,19,Male,Germany,92013,8,5,9,High,88.7407012559067,Silver
1097,57,Female,Germany,31603,10,5,24,Low,24.59783264546332,Bronze
1098,35,Male,USA,39928,7,3,40,High,75.23666165812242,Silver
1099,42,Female,USA,108001,3,4,24,Medium,65.5961169151167,Silver
1100,54,Male,USA,42669,2,8,15,High,99.674370717345,Bronze
